[{"model": "sessions.session", "pk": "0zi76evtz01x28o7tj93kwl3qg96b1ql", "fields": {"session_data": ".eJx9jMFOwzAQBX_F2rNlOY5dMLdy58K1rqy1d9ukNLEUp-0B8e8kqEggIa5v3sw7RLzMXbxUnmJP8AQNyJ9bwvzG4wrohOOxqFzGeeqTWi_qTqt6KcTn5_v3V6DD2i223Tifkk7WebaeDTc6uQdiREOODsl4brP22mJj0OTHduPQ5twS6pyy_4oOXCseuS653S5AjKdaxu81gBRaCuOkCLAlYhJzEbe-due-zmrFAQLspfhffeWhXBf5MJXhD30PH5_ptWOz:1w75Ba:2h-da5AucGDjS-oaRVbWYnTXuMtB9cO-NUJxFklgl7s", "expire_date": "2026-03-30T06:09:14.430Z"}}, {"model": "sessions.session", "pk": "1gmapb5k4nm6gafhhigddv11igrgkb9r", "fields": {"session_data": "e30:1wABtB:ggrkKUp_LC8SWW7my1CIjUOdHTPxs9oXB03T0w_szyw", "expire_date": "2026-04-07T19:55:05.738Z"}}, {"model": "sessions.session", "pk": "1xo85dpvmfftg4oxe0p31dmiis1la50u", "fields": {"session_data": "e30:1wAKf5:GF1qz0cXO20hYw6AHCAQORdlg5zNSTWtNkGHYP6pybE", "expire_date": "2026-04-08T05:17:07.430Z"}}, {"model": "sessions.session", "pk": "2kxrzwu90twszy588e8q3wiwohi9om7j", "fields": {"session_data": ".eJxVjDkOwjAUBe_iGlleA6akzxmsv4EDyJbipELcHSKlgPbNzHupDOtS8tplzhOrs7Lq8Lsh0EPqBvgO9dY0tbrME-pN0Tvtemwsz8vu_h0U6OVbhyEmRIMhJglJnFiD8cgC4DjyFV0STyaZANaBo5MfIgQiz2AIKbF6fwDvQTin:1w74PZ:aRZnfJCD9lxLzfi_PbCIbL2QiXFYzZOhBpbZbu9paNI", "expire_date": "2026-03-30T05:19:37.409Z"}}, {"model": "sessions.session", "pk": "2sdbbosodyvgu5yslvrullbjiq01r08l", "fields": {"session_data": ".eJxVjDkOwjAUBe_iGlleA6akzxmsv4EDyJbipELcHSKlgPbNzHupDOtS8tplzhOrs7Lq8Lsh0EPqBvgO9dY0tbrME-pN0Tvtemwsz8vu_h0U6OVbhyEmRIMhJglJnFiD8cgC4DjyFV0STyaZANaBo5MfIgQiz2AIKbF6fwDvQTin:1w7Gym:KbsS8KQe1SirLscoBAMQqKjfzX5Ozb3e-VGfThfA1oo", "expire_date": "2026-03-30T18:44:48.962Z"}}, {"model": "sessions.session", "pk": "2zyjhhctwzpj4jhjc1agfuzcipvcnkde", "fields": {"session_data": ".eJxVjDkOwjAUBe_iGlleA6akzxmsv4EDyJbipELcHSKlgPbNzHupDOtS8tplzhOrs7Lq8Lsh0EPqBvgO9dY0tbrME-pN0Tvtemwsz8vu_h0U6OVbhyEmRIMhJglJnFiD8cgC4DjyFV0STyaZANaBo5MfIgQiz2AIKbF6fwDvQTin:1wAKtk:5ggCrInLJPW2LuV5ugiVneSpsByrp7IJDbIB6F1kIes", "expire_date": "2026-04-08T05:32:16.276Z"}}, {"model": "sessions.session", "pk": "4f71t2iqgpxf0bhgy64f94qp64oxnzca", "fields": {"session_data": ".eJxVj8tuwjAQRf_FaxQ5jg2YZRfd8JBQJbbWvJqEohhskNqi_nuJEqSwG825czT3rgLcrk24ZUmhZbVSpZpNdwj0JV0P-AhdHQuK3TW1WPSRYqS52EaW09uYfRE0kJvHtZ07j6jROi_Wi5FSo1uwABh2_InGS0XaawulAUPLau7AElUMmpB8Lz0_3G1XB2BOkvPwrpmABL8xneEnxMTPOsP4Qd_vl3K_W-PheNqov3_PC1PD:1wCF8A:evb8gstcvhDLXCoFzBf87dlNUIIEkdLTpGy3rj4l1Hg", "expire_date": "2026-04-13T11:47:02.237Z"}}, {"model": "sessions.session", "pk": "74uuqrm2zp0mxsbdp4gh94u5wq0zp0mh", "fields": {"session_data": ".eJxVjMsKwjAUBf8lawl5VuPSvd8Q7su2WhJo2pX471ooSLczc85bTbUfS16bzHlkdfUnlWFdhj9RVh0YAr2kbIKfUPqqqZZlHlFvid5t0_fKMt329nAwQBt-69DFhGgwxCQhiRNrMJ5ZABxHfqBL4skkE8A6cHTxXYRA5BkMISVWny9egj7n:1wAHoh:Bzvr793MppdBYqahE4V1Yjp-hY4rB5D86GCS9KGyVPY", "expire_date": "2026-04-08T02:14:51.256Z"}}, {"model": "sessions.session", "pk": "983dtw4cpfuh2mo7wk9d6559s7qjj9fa", "fields": {"session_data": ".eJxVjEEOgyAQRe_CuiFTBwFddt8zkGGg1dZAIrAy3r01ceP2v_f-JkrmmRZizi1VVyrVWMS47TfhqNXJtRJXNwcxChSXzRN_YzpA-FB6Z8k51XX28lDkSYt85hCXx-leDiYq07_uje67e0DQxIhRM4JH8t6A7Siq8EIwSvekNVDQVhk7RGOws6BgCAxi_wH9PkDW:1w6XFg:_ccVIoVwF4rDjGxH9w0-dnW62U_P60kBZ0QIsL9ah08", "expire_date": "2026-03-28T17:55:12.347Z"}}, {"model": "sessions.session", "pk": "9pokmpl2u20637ss13gk0hrtijk2fz4i", "fields": {"session_data": ".eJxVjDkOwjAUBe_iGlleA6akzxmsv4EDyJbipELcHSKlgPbNzHupDOtS8tplzhOrs7Lq8Lsh0EPqBvgO9dY0tbrME-pN0Tvtemwsz8vu_h0U6OVbhyEmRIMhJglJnFiD8cgC4DjyFV0STyaZANaBo5MfIgQiz2AIKbF6fwDvQTin:1w7883:mIKYv4qsx4vG8uU9TKu963_6j4BrmID2oHu7piQUOIE", "expire_date": "2026-03-30T09:17:47.500Z"}}, {"model": "sessions.session", "pk": "bnarn58lreh6ssobcirh0iyfc5eb9x2g", "fields": {"session_data": "e30:1w9Sfs:2fPbbHsb907QGrQq8e8Irnn6ozih5Pc8vE9Wf8ENLNY", "expire_date": "2026-04-05T19:38:20.521Z"}}, {"model": "sessions.session", "pk": "cel2yugtcak2cktd3ppwf689hqibxd17", "fields": {"session_data": ".eJxVjDkOwjAUBe_iGlleA6akzxmsv4EDyJbipELcHSKlgPbNzHupDOtS8tplzhOrs7Lq8Lsh0EPqBvgO9dY0tbrME-pN0Tvtemwsz8vu_h0U6OVbhyEmRIMhJglJnFiD8cgC4DjyFV0STyaZANaBo5MfIgQiz2AIKbF6fwDvQTin:1w78ru:47bOkyq17r9PvWnl6afFtMvKng9VOW0jStje8VSyPuE", "expire_date": "2026-03-30T10:05:10.944Z"}}, {"model": "sessions.session", "pk": "ckba9od2ou2d2thnbw2i3oh4rbvbip9g", "fields": {"session_data": "e30:1wCypl:DV4ri1WIvAtwMHmSZ954_D1u2JJsu6MHX1umTuQBb0I", "expire_date": "2026-04-15T12:35:05.160Z"}}, {"model": "sessions.session", "pk": "d6wkmiqnkq48luho9x1sedf0ik49dzwl", "fields": {"session_data": ".eJxVjDkOwjAUBe_iGlleA6akzxmsv4EDyJbipELcHSKlgPbNzHupDOtS8tplzhOrs7Lq8Lsh0EPqBvgO9dY0tbrME-pN0Tvtemwsz8vu_h0U6OVbhyEmRIMhJglJnFiD8cgC4DjyFV0STyaZANaBo5MfIgQiz2AIKbF6fwDvQTin:1wAJcU:3PLCAV2vCgZSAPV0mH2XthNtxb3IqJ-0aoTmbWsDAOE", "expire_date": "2026-04-08T04:10:22.692Z"}}, {"model": "sessions.session", "pk": "e0cpvaig9g4qcivih6zmjjvmwl57hwwu", "fields": {"session_data": ".eJxVjDkOwjAUBe_iGlleA6akzxmsv4EDyJbipELcHSKlgPbNzHupDOtS8tplzhOrs7Lq8Lsh0EPqBvgO9dY0tbrME-pN0Tvtemwsz8vu_h0U6OVbhyEmRIMhJglJnFiD8cgC4DjyFV0STyaZANaBo5MfIgQiz2AIKbF6fwDvQTin:1w9nwx:TMWx3YbkbwD-1XG3cuNyDlhlTLISd7X0SDajQ7rM3Oo", "expire_date": "2026-04-06T18:21:23.680Z"}}, {"model": "sessions.session", "pk": "e1i7qmb4acakxk8rmcf6hechyotonjbs", "fields": {"session_data": ".eJxVjDkOwjAUBe_iGlleA6akzxmsv4EDyJbipELcHSKlgPbNzHupDOtS8tplzhOrs7Lq8Lsh0EPqBvgO9dY0tbrME-pN0Tvtemwsz8vu_h0U6OVbhyEmRIMhJglJnFiD8cgC4DjyFV0STyaZANaBo5MfIgQiz2AIKbF6fwDvQTin:1wCxPs:9xBv8Ze8RM5xkE4K7Cv5Gg-KnKvfTUrDdhQ6GgWGq3U", "expire_date": "2026-04-15T11:04:16.968Z"}}, {"model": "sessions.session", "pk": "g9r5pkv3ihxehj14qo6bkfy32duvgmj1", "fields": {"session_data": ".eJxVjEFuwjAQRa9izTqyHMeGuruy5wQYWWPPlCTQWGKCWKDevQSBRLfv_f9ukPAy9-kifE4DwSe00LyzjOXI0yJoxOlQdanTfB6yXib6aUVvK_Fp89z-C_Qo_f3tVj7kbLLzgV1gy63Jfk2MaMnTd7aBu2KCcdhatOWjW3l0pXSEpuQSHtEfFsEDyz2320VIaZQ6vWiERplGWd-oCF9ETGqu6jpIfxpk1ouOEGG_h98_xZ5PzQ:1wCwXb:POgFLxLzgQ7FfJWs_cODm6SHiOh59w8x8D-wBJyiQ3c", "expire_date": "2026-04-15T10:08:11.912Z"}}, {"model": "sessions.session", "pk": "gze92luko4b89ghqyxatscb37p620wxu", "fields": {"session_data": ".eJxVjDkOwjAUBe_iGlleA6akzxmsv4EDyJbipELcHSKlgPbNzHupDOtS8tplzhOrs7Lq8Lsh0EPqBvgO9dY0tbrME-pN0Tvtemwsz8vu_h0U6OVbhyEmRIMhJglJnFiD8cgC4DjyFV0STyaZANaBo5MfIgQiz2AIKbF6fwDvQTin:1wCyBo:RDyliVLUPT8DgVIq_NGJbhlNID7aiXkXL6KH6BLzwz0", "expire_date": "2026-04-15T11:53:48.807Z"}}, {"model": "sessions.session", "pk": "h85x7x75t1g4csuqj2ieyhiljc2h1z31", "fields": {"session_data": ".eJxVjz0PgjAQhv9LZ0NKadE6mhgn4-Dg2Fx7x4cSSloY1PjfhYAJbpd73nty75sZGPrKDJGCqZHtWco2650F96B2AniHtvSJ820faptMkWShMTl7pOawZP8EFcRqvJa50tZyK5UmqUlQyq3aIgEIVFhYoSlzXHMJqQDhdlmuQDqXIXBnnZ6k3eiu29IAYqAY53fFCgR4-dDB0_iAvzrzeMXjKccL3JoMy4J9vsxRU50:1wCUm0:o56q57mtyLtrMK8WtB4GkD_-YwGUly466Eu8Y-TFS_E", "expire_date": "2026-04-14T04:29:12.463Z"}}, {"model": "sessions.session", "pk": "i27xwvootehhg5kw8ikhveegpw08l0ha", "fields": {"session_data": ".eJylzcEKgjAcgPF3-Z-HrqlNvQUSoXUJhCJE1ly2HE62GZH47nmJHqDzj49vAqu5ZIpxrsfe1dYxJyykE2yzInsXZbhROxxx2UJ6mWAwmgu7OCjdyh4QNMwxSPtRKQRDx0XNdSPqpzDyJoX5Si9ebon8htn7VTPT-DCjFaUBJQGh1EuSeE3CCkGbH_DZ4EGc9sf8UXZ_XH-DOPJIkFCKSTXPH52ITxA:1w2MWl:b7JDCyKxDof2y-07QmJAzQmMcuk4uPDpqT4JgOvWPQQ", "expire_date": "2026-03-31T04:59:35.391Z"}}, {"model": "sessions.session", "pk": "jjtmsiogidg5sk5jaf9jagps3b1erigr", "fields": {"session_data": "e30:1w2NGm:VM9Ce-g5Kf90ofKKYY8tqHYXWJ0tDu-hmLtyhbq7iyQ", "expire_date": "2026-03-31T05:47:08.325Z"}}, {"model": "sessions.session", "pk": "kaljimr00m4pfyty5mfjotlvci09j05d", "fields": {"session_data": ".eJxVjE0OwiAYBe_C2hCgUMWle89Avj9LtYGktCvj3bVJE9PtzLz3VlMdxpLWJnMaWV3tSSVYl_wnyqoDQ6CXlE3wE8pQNdWyzCPqLdG7bfpeWabb3h4OMrT8W_s-RESDPkTxUZxYg-HMAuA48ANdlI5MNB6sA0eXrg_giToGQ0iR1ecLXSo-5Q:1w9nHR:9-JjL3A_zu3GZktloNzzEy-tsxh2fFrgZtdVpbARWYY", "expire_date": "2026-04-06T17:38:29.664Z"}}, {"model": "sessions.session", "pk": "l927ww2gvx5eitfsxw2jklg5l1hz45xw", "fields": {"session_data": ".eJxVjDkOwjAUBe_iGlleA6akzxmsv4EDyJbipELcHSKlgPbNzHupDOtS8tplzhOrs7Lq8Lsh0EPqBvgO9dY0tbrME-pN0Tvtemwsz8vu_h0U6OVbhyEmRIMhJglJnFiD8cgC4DjyFV0STyaZANaBo5MfIgQiz2AIKbF6fwDvQTin:1wCuEC:bC56t1-w4_HQCnjBY5Im1IddvWWLfEKRAUrhPfjqOFs", "expire_date": "2026-04-15T07:40:00.387Z"}}, {"model": "sessions.session", "pk": "ldm20pypclupm8ycbw7r0z6g1wdh0e0f", "fields": {"session_data": ".eJxVjDkOwjAUBe_iGlleA6akzxmsv4EDyJbipELcHSKlgPbNzHupDOtS8tplzhOrs7Lq8Lsh0EPqBvgO9dY0tbrME-pN0Tvtemwsz8vu_h0U6OVbhyEmRIMhJglJnFiD8cgC4DjyFV0STyaZANaBo5MfIgQiz2AIKbF6fwDvQTin:1w73ef:UcqOEI8hEIOeFnRuBeTVkaTRNj23cT3BfDEn3SC3xNU", "expire_date": "2026-03-30T04:31:09.779Z"}}, {"model": "sessions.session", "pk": "nw3q47bq44akyzj8hr9591y9s4sgjane", "fields": {"session_data": "e30:1w6ZYb:foNQ-wp9qDgokM1Spk0F2NQ1r8EIpHVlVNv5Io5Hrkc", "expire_date": "2026-03-28T20:22:53.401Z"}}, {"model": "sessions.session", "pk": "ov5n9gfzcd558kt3kxh0ju6lla988bj4", "fields": {"session_data": ".eJxVjDkOwjAUBe_iGlleA6akzxmsv4EDyJbipELcHSKlgPbNzHupDOtS8tplzhOrs7Lq8Lsh0EPqBvgO9dY0tbrME-pN0Tvtemwsz8vu_h0U6OVbhyEmRIMhJglJnFiD8cgC4DjyFV0STyaZANaBo5MfIgQiz2AIKbF6fwDvQTin:1w7Nf3:GTEM_10nluzUnDJ3i_N9FXL82yljheV7JCAGnC72P98", "expire_date": "2026-03-31T01:52:53.071Z"}}, {"model": "sessions.session", "pk": "oy4by2pxol05ykco254d5tsgv0p48pdu", "fields": {"session_data": ".eJxVjDkOwjAUBe_iGlleA6akzxmsv4EDyJbipELcHSKlgPbNzHupDOtS8tplzhOrs7Lq8Lsh0EPqBvgO9dY0tbrME-pN0Tvtemwsz8vu_h0U6OVbhyEmRIMhJglJnFiD8cgC4DjyFV0STyaZANaBo5MfIgQiz2AIKbF6fwDvQTin:1wA3xX:frger3pUtNTCv7CR2opxdFVOS7jA3QsiFjtlAz3tpEY", "expire_date": "2026-04-07T11:27:03.962Z"}}, {"model": "sessions.session", "pk": "qrklwj4k7assu23ms94jh0lduw696z4e", "fields": {"session_data": ".eJxVjDkOwjAUBe_iGlleA6akzxmsv4EDyJbipELcHSKlgPbNzHupDOtS8tplzhOrs7Lq8Lsh0EPqBvgO9dY0tbrME-pN0Tvtemwsz8vu_h0U6OVbhyEmRIMhJglJnFiD8cgC4DjyFV0STyaZANaBo5MfIgQiz2AIKbF6fwDvQTin:1w2Ry2:CGeBc2kIZ4piPdcjZiFVzucWqX7b5Ya66pYn0x4_Ig4", "expire_date": "2026-03-31T10:48:06.730Z"}}, {"model": "sessions.session", "pk": "s1ohcexdaexbxrq3afgqaooe3ykud3ds", "fields": {"session_data": ".eJxVjDkOwjAUBe_iGlleA6akzxmsv4EDyJbipELcHSKlgPbNzHupDOtS8tplzhOrs7Lq8Lsh0EPqBvgO9dY0tbrME-pN0Tvtemwsz8vu_h0U6OVbhyEmRIMhJglJnFiD8cgC4DjyFV0STyaZANaBo5MfIgQiz2AIKbF6fwDvQTin:1wCv94:uZ9b-BxJ3bodlrvBjgLcmJXOTZYMyZ_CMmxYmgxZG9M", "expire_date": "2026-04-15T08:38:46.197Z"}}, {"model": "sessions.session", "pk": "szhrny9s8678c28cs3vu7x6eln793vt2", "fields": {"session_data": ".eJxVjcFuwjAQRP_F5yraZuO102Pv_QZr7V1ISGQDJoUI8e8EiUN7nTfz5m4CL5chLFXPYRTzZdB8_M0ip0nzC8iB8740qeTLeYzNq9K8aW1-iuj8_e7-Ewxch21tHdn2UxCIE6JSQojIMTrwLWsnOwTXkWUiYCHfOd-rc9h66KCXBJu0zBKq1jqWHCZdN2nVyd4sH7K_7nEeFWx_9HTcfk6y_p7IPJ4SKUkQ:1wAKmO:RujMKGkvEUE2I-p3ntWKxw0nFYVVG5dzg2mAg6Ya6Rw", "expire_date": "2026-04-08T05:24:40.255Z"}}, {"model": "sessions.session", "pk": "t8vut4x0wunn6wx5iz7ud9abmcfgcozl", "fields": {"session_data": ".eJxVjDkOwjAUBe_iGlleA6akzxmsv4EDyJbipELcHSKlgPbNzHupDOtS8tplzhOrs7Lq8Lsh0EPqBvgO9dY0tbrME-pN0Tvtemwsz8vu_h0U6OVbhyEmRIMhJglJnFiD8cgC4DjyFV0STyaZANaBo5MfIgQiz2AIKbF6fwDvQTin:1w7Fsz:WC1zs1UQCvQ1eiWTAvmUq48ltHhoTEDsWQR4-PYAth8", "expire_date": "2026-03-30T17:34:45.006Z"}}, {"model": "sessions.session", "pk": "u2l246y4e1gnnplv4u23sctdby0ipvue", "fields": {"session_data": "e30:1w2NJm:h83ANGdS33WqMRDsTaGBzE5947LULUmV0trxXYAsiAU", "expire_date": "2026-03-31T05:50:14.701Z"}}, {"model": "sessions.session", "pk": "ueueai25j560zs0wmhjcicobno6pmevv", "fields": {"session_data": "e30:1w2Rqs:7lpfGW04Y4ncWPSVHGg6KRkt1SGedzn0rKhVoX46o8M", "expire_date": "2026-03-31T10:40:42.196Z"}}, {"model": "sessions.session", "pk": "vcptgq2to8828v7a7kk4ijgioksxilcr", "fields": {"session_data": "e30:1w9cCZ:zegolq3I8CcpcvjBgSyORGCa8hxiFVeaTERCvvZZLcY", "expire_date": "2026-04-06T05:48:43.513Z"}}, {"model": "sessions.session", "pk": "wf517vre97zhq6pafkfx5055dghhs1s6", "fields": {"session_data": ".eJydjEFuwjAQRa9izdqyHMeGurt2zwkwssaeKQmlscQEsah6dwiiUtl2-99_7xsynuchn4VPeSR4hQ70361g_eRpAXTAad9MbdN8GotZLuZBxWwa8fH98X0KDCjDzfarEEuxxYfIPrLjzpawJkZ0FOijuMh9tdF67By6-tKvAvpae0JbS4336BeL4J7llttuE-R8kDb9rgm0slq5oFWCNyImNTd1GWU4jjKbBSdIsNPq3-oOfq5PbGHi:1w6aP8:fQdb6JyAUH8M-f1QcdeGo_YBTkqzPJ2puSlbx6xPwrU", "expire_date": "2026-03-28T21:17:10.068Z"}}, {"model": "sessions.session", "pk": "yiqspdgd4q0yutnluqykl3a90r145rp1", "fields": {"session_data": ".eJxVjDkOwjAUBe_iGlleA6akzxmsv4EDyJbipELcHSKlgPbNzHupDOtS8tplzhOrs7Lq8Lsh0EPqBvgO9dY0tbrME-pN0Tvtemwsz8vu_h0U6OVbhyEmRIMhJglJnFiD8cgC4DjyFV0STyaZANaBo5MfIgQiz2AIKbF6fwDvQTin:1wA520:ddqpGkTqkECs_cjdcj8xg58_LBVrwh2bW_pPhWH05-k", "expire_date": "2026-04-07T12:35:44.183Z"}}, {"model": "sessions.session", "pk": "z591t0sfkecw3d787wbyfj0e08q14ycd", "fields": {"session_data": ".eJxVjDkOwjAUBe_iGlleA6akzxmsv4EDyJbipELcHSKlgPbNzHupDOtS8tplzhOrs7Lq8Lsh0EPqBvgO9dY0tbrME-pN0Tvtemwsz8vu_h0U6OVbhyEmRIMhJglJnFiD8cgC4DjyFV0STyaZANaBo5MfIgQiz2AIKbF6fwDvQTin:1w6vce:8vc8J8bq5UyeDPTkriDnbPYonb32CVAMITtJcxhYUZo", "expire_date": "2026-03-29T19:56:32.201Z"}}, {"model": "sessions.session", "pk": "z904dxeoec5suimx702872ug9j0z7wsg", "fields": {"session_data": ".eJxVjDkOwjAUBe_iGlleA6akzxmsv4EDyJbipELcHSKlgPbNzHupDOtS8tplzhOrs7Lq8Lsh0EPqBvgO9dY0tbrME-pN0Tvtemwsz8vu_h0U6OVbhyEmRIMhJglJnFiD8cgC4DjyFV0STyaZANaBo5MfIgQiz2AIKbF6fwDvQTin:1w6wGH:X2QI8WPX3S2NF9esEIG7ZJduhGWeHtnhSCkVMNtyrOo", "expire_date": "2026-03-29T20:37:29.816Z"}}, {"model": "sessions.session", "pk": "zfcjbpzgmsi6pvobv40ve9tavd672799", "fields": {"session_data": ".eJxVjDkOwjAUBe_iGlleA6akzxmsv4EDyJbipELcHSKlgPbNzHupDOtS8tplzhOrs7Lq8Lsh0EPqBvgO9dY0tbrME-pN0Tvtemwsz8vu_h0U6OVbhyEmRIMhJglJnFiD8cgC4DjyFV0STyaZANaBo5MfIgQiz2AIKbF6fwDvQTin:1w7OIQ:jFYXABZO9F-G8zcqemNkbPSDIgQX8NxxX4uhLoDu6d8", "expire_date": "2026-03-31T02:33:34.331Z"}}, {"model": "sessions.session", "pk": "zzsren22vj1rx2hnedus19r25wxawlq6", "fields": {"session_data": ".eJxVjDkOwjAUBe_iGlleA6akzxmsv4EDyJbipELcHSKlgPbNzHupDOtS8tplzhOrs7Lq8Lsh0EPqBvgO9dY0tbrME-pN0Tvtemwsz8vu_h0U6OVbhyEmRIMhJglJnFiD8cgC4DjyFV0STyaZANaBo5MfIgQiz2AIKbF6fwDvQTin:1wC8Cy:PIUMbG4e4oWkKGR_gAdxv6kfR0hEmXzezbc_2OHGcNY", "expire_date": "2026-04-13T04:23:32.332Z"}}, {"model": "sites.site", "fields": {"domain": "127.0.0.1:8000", "name": "Orbit Watch Collection"}}, {"model": "category.category", "pk": 2, "fields": {"category_name": "MEN", "slug": "men", "description": "Men’s watches are designed with a bold and strong appearance, often featuring larger dials, durable materials, and powerful functionality. They combine style and performance, making them perfect for business, casual, or sports use. From classic leather strap watches to modern chronograph designs, men’s watches add confidence and elegance to any outfit.", "cat_image": "", "status": "active"}}, {"model": "category.category", "pk": 3, "fields": {"category_name": "Women", "slug": "women", "description": "Women’s watches focus on elegance, beauty, and refined style. They usually feature slimmer designs, smaller dials, and stylish straps such as stainless steel, leather, or mesh. These watches are perfect accessories for both everyday wear and special occasions, adding a touch of sophistication and fashion.", "cat_image": "", "status": "active"}}, {"model": "category.category", "pk": 4, "fields": {"category_name": "Kids", "slug": "kids", "description": "Unisex watches are designed to suit everyone, regardless of gender. They feature balanced designs that are neither too large nor too delicate, making them versatile and comfortable for all users. With modern aesthetics and practical features, unisex watches are perfect for people who prefer a simple and universal style.", "cat_image": "", "status": "active"}}, {"model": "category.category", "pk": 5, "fields": {"category_name": "Unisex", "slug": "unisex", "description": "Kids’ watches are made with fun designs, bright colors, and easy-to-read dials. They are lightweight, durable, and comfortable for children to wear daily. These watches help kids learn time while adding excitement with playful styles and reliable functionality.", "cat_image": "", "status": "active"}}, {"model": "category.category", "pk": 6, "fields": {"category_name": "Smart Watches", "slug": "smart-watches", "description": "", "cat_image": "", "status": "active"}}, {"model": "accounts.account", "fields": {"password": "pbkdf2_sha256$1200000$NhMHIfC3mZ0NBjBWxErgXH$zzhdtdlDo21QA1Xg/rcjB3eEG6GhMdkd1HMp2UIYr+4=", "first_name": "admin", "last_name": "admin", "email": "admin@test.com", "phone_number": null, "profile_photo": "", "email_verified": true, "otp": "655541", "otp_created_at": "2026-04-06T16:58:16.326Z", "otp_purpose": "login", "date_joined": "2026-03-14T13:57:28.546Z", "last_login": "2026-04-15T11:13:48.805Z", "is_admin": true, "is_staff": true, "is_active": true, "is_superadmin": true}}, {"model": "accounts.account", "fields": {"password": "pbkdf2_sha256$1200000$WYwiOXAyRFMs8eG2ifKjkm$HGHLcZ3F3HC5evYb2NMVhjsHnXHctdQG5g64C6jBl40=", "first_name": "prathiush", "last_name": "PP", "email": "prathiush1994@gmail.com", "phone_number": null, "profile_photo": "", "email_verified": true, "otp": null, "otp_created_at": null, "otp_purpose": null, "date_joined": "2026-03-17T05:16:08.131Z", "last_login": "2026-04-08T04:20:47.970Z", "is_admin": false, "is_staff": false, "is_active": true, "is_superadmin": false}}, {"model": "accounts.useraddress", "pk": 1, "fields": {"user": ["admin@test.com"], "full_name": "Kanan", "phone": "123456789", "address_line": "kk, plot 321", "city": "guruvayoor", "state": "kerala", "pincode": "680311", "address_type": "Home", "is_default": false, "created_at": "2026-03-30T16:50:09.441Z"}}, {"model": "accounts.useraddress", "pk": 2, "fields": {"user": ["admin@test.com"], "full_name": "kannan", "phone": "123465789", "address_line": "kk plot 323", "city": "guruvayoor", "state": "kerala", "pincode": "680231", "address_type": "Work", "is_default": true, "created_at": "2026-03-30T16:54:10.105Z"}}, {"model": "accounts.useraddress", "pk": 3, "fields": {"user": ["prathiush1994@gmail.com"], "full_name": "new", "phone": "0987654", "address_line": "sdjkfh", "city": "asdf", "state": "afasd", "pincode": "123214", "address_type": "Home", "is_default": true, "created_at": "2026-04-08T04:21:15.543Z"}}, {"model": "accounts.useraddress", "pk": 4, "fields": {"user": ["prathiush1994@gmail.com"], "full_name": "kannan", "phone": "987654321", "address_line": "House", "city": "guruvayoor", "state": "kerala", "pincode": "69511", "address_type": "Home", "is_default": false, "created_at": "2026-04-08T04:44:40.222Z"}}, {"model": "store.product", "pk": 7, "fields": {"product_name": "Fossil Analog Watch-FS4795 Stainless Steel", "slug": "fossil-analog-watch-fs4795-stainless-steel", "description": "Fossil Analog White Dial Men's Watch-FS4795 Stainless Steel, Multicolor Strap\r\n\r\nCase diameter: 45 Millimetres\r\nBand colour:  Multicolor\r\nBand material type: Stainless Steel\r\nWarranty type: Manufacturer\r\nWatch movement type: Quartz\r\nCase thickness: 11 Millimetres\r\nCountry of Origin:  China", "brand": 5, "created_at": "2026-03-17T06:32:19.517Z", "updated_at": "2026-03-30T08:16:41.969Z", "category": [2]}}, {"model": "store.product", "pk": 8, "fields": {"product_name": "Fossil Riley Analog White", "slug": "fossil-riley-analog-white", "description": "Fossil Riley Analog White & Beige Dial Women's Watch -ES3466", "brand": 5, "created_at": "2026-03-17T06:36:40.052Z", "updated_at": "2026-03-17T06:36:40.052Z", "category": [3]}}, {"model": "store.product", "pk": 9, "fields": {"product_name": "Titan Crest 1.43” AMOLED Smart Watch", "slug": "titan-crest-143-amoled-smart-watch", "description": "Titan Crest 1.43” AMOLED Smart Watch with BT Calling, AI Morning Briefs, Functional Crown, Health Tracking, Aluminium Body, 100+ Sports Modes, Smartwatch for Men and Women - Black Silicone Strap\r\n\r\n\r\nOperating System\tandroid\r\nSpecial Feature\tActivity Tracker, Heart Rate Monitor, Multisport Tracker, Phone Call, Stress Tracking\r\nBattery Capacity\t300 Milliamp Hours\r\nConnectivity Technology\tBluetooth\r\nWireless Communication Standard", "brand": null, "created_at": "2026-03-17T06:43:09.350Z", "updated_at": "2026-04-08T04:43:29.889Z", "category": [2, 6]}}, {"model": "store.product", "pk": 10, "fields": {"product_name": "Titan Workwear Quartz Analog", "slug": "titan-workwear-quartz-analog", "description": "Titan Workwear Quartz Analog Hunter Green Dial Olive Green Leather Strap Watch for Men - NT1802NL02\r\nBold in Green: Hunter green dial brings a fresh, modern twist to classic workwear.\r\nEarthy Edge: Olive green leather strap adds rugged charm with refined comfort.\r\nEffortless Timekeeping: Simple analog layout ensures clear, reliable readability.\r\nSmart Casual Vibe: Perfect for workdays with a touch of outdoors-inspired style.\r\nTonal Harmony: Rich green tones blend for a clean, coordinated statement.", "brand": 8, "created_at": "2026-03-17T06:49:06.447Z", "updated_at": "2026-04-07T18:40:20.344Z", "category": [2]}}, {"model": "store.product", "pk": 11, "fields": {"product_name": "SPIKY Analog Watch for Kids", "slug": "spiky-analog-watch-for-kids", "description": "SPIKY Analog Watch for Kids | 3D Cartoon | 7 Multicolor LED Luminous Lights with Silicone Strap | Unisex Best Birthday Gift | Analogue Wrist Watches for Boys & Girls | Age 3-10 yrs", "brand": 9, "created_at": "2026-03-17T06:53:41.271Z", "updated_at": "2026-03-17T06:53:41.271Z", "category": [4]}}, {"model": "store.product", "pk": 12, "fields": {"product_name": "tians", "slug": "tians", "description": "sdf", "brand": 4, "created_at": "2026-03-17T10:47:04.020Z", "updated_at": "2026-03-17T10:47:04.020Z", "category": [2]}}, {"model": "store.productvariant", "pk": 6, "fields": {"product": 7, "color_name": "White Dial Men's", "color_code": "#e2e8f0", "price": 14494, "stock": 222, "is_available": true, "slug": "fossil-analog-watch-fs4795-stainless-steel-white-dial-mens", "primary_image": "photos/variants/variant_00f7227e36.jpg", "description_override": "", "created_at": "2026-03-17T06:33:26.810Z", "updated_at": "2026-04-06T17:40:06.495Z"}}, {"model": "store.productvariant", "pk": 7, "fields": {"product": 8, "color_name": "Brown", "color_code": "#e2e8f0", "price": 9447, "stock": 142, "is_available": true, "slug": "fossil-riley-analog-white-brown", "primary_image": "photos/variants/variant_d2c4347602.jpg", "description_override": "", "created_at": "2026-03-17T06:37:49.084Z", "updated_at": "2026-04-08T04:19:46.100Z"}}, {"model": "store.productvariant", "pk": 8, "fields": {"product": 9, "color_name": "Black Silicone Strap", "color_code": "#e2e8f0", "price": 4999, "stock": 6, "is_available": true, "slug": "titan-crest-143-amoled-smart-watch-black-silicone-strap", "primary_image": "photos/variants/variant_6200d87ef6.jpg", "description_override": "", "created_at": "2026-03-17T06:43:51.838Z", "updated_at": "2026-04-08T04:45:11.082Z"}}, {"model": "store.productvariant", "pk": 9, "fields": {"product": 9, "color_name": "Rose Gold Mesh Strap", "color_code": "#e2e8f0", "price": 5999, "stock": 9, "is_available": true, "slug": "titan-crest-143-amoled-smart-watch-rose-gold-mesh-strap", "primary_image": "photos/variants/variant_1ecd9f5fb6.jpg", "description_override": "", "created_at": "2026-03-17T06:46:00.004Z", "updated_at": "2026-04-08T04:45:11.102Z"}}, {"model": "store.productvariant", "pk": 10, "fields": {"product": 10, "color_name": "Hunter Green Dial Olive Green Leather Strap", "color_code": "#e2e8f0", "price": 3225, "stock": 130, "is_available": true, "slug": "titan-workwear-quartz-analog-hunter-green-dial-olive-green-leather-strap", "primary_image": "photos/variants/variant_f4d7348096.jpg", "description_override": "", "created_at": "2026-03-17T06:49:44.527Z", "updated_at": "2026-04-08T04:45:11.093Z"}}, {"model": "store.productvariant", "pk": 11, "fields": {"product": 11, "color_name": "Pink", "color_code": "#e2e8f0", "price": 462, "stock": 1234, "is_available": true, "slug": "spiky-analog-watch-for-kids-pink", "primary_image": "photos/variants/variant_6d35b6c5e5.jpg", "description_override": "", "created_at": "2026-03-17T06:54:15.684Z", "updated_at": "2026-03-17T06:54:15.684Z"}}, {"model": "store.productvariant", "pk": 12, "fields": {"product": 12, "color_name": "sdfkjh", "color_code": "#e2e8f0", "price": 123, "stock": 123, "is_available": true, "slug": "tians-sdfkjh", "primary_image": "photos/variants/variant_d2d37c93a5.jpg", "description_override": "", "created_at": "2026-03-17T10:48:06.584Z", "updated_at": "2026-03-17T10:48:06.584Z"}}, {"model": "store.variantimage", "pk": 11, "fields": {"variant": 6, "image": "photos/variant_gallery/61CDW50hECL._SX679_.jpg", "alt_text": "", "order": 0}}, {"model": "store.variantimage", "pk": 12, "fields": {"variant": 6, "image": "photos/variant_gallery/61JSohi27FL._SX679_.jpg", "alt_text": "", "order": 0}}, {"model": "store.variantimage", "pk": 13, "fields": {"variant": 6, "image": "photos/variant_gallery/81bivzoprdL._SX679_.jpg", "alt_text": "", "order": 0}}, {"model": "store.variantimage", "pk": 14, "fields": {"variant": 7, "image": "photos/variant_gallery/71Gs3EPVE8L._SX679_.jpg", "alt_text": "", "order": 0}}, {"model": "store.variantimage", "pk": 15, "fields": {"variant": 7, "image": "photos/variant_gallery/71KNIvUp1cL._SX679_.jpg", "alt_text": "", "order": 0}}, {"model": "store.variantimage", "pk": 16, "fields": {"variant": 7, "image": "photos/variant_gallery/81alqyfchKL._SX679_.jpg", "alt_text": "", "order": 0}}, {"model": "store.variantimage", "pk": 18, "fields": {"variant": 8, "image": "photos/variant_gallery/71DGazXMKcL._SL1500_.jpg", "alt_text": "", "order": 0}}, {"model": "store.variantimage", "pk": 19, "fields": {"variant": 8, "image": "photos/variant_gallery/71qkcMVBwIL._SL1500_.jpg", "alt_text": "", "order": 0}}, {"model": "store.variantimage", "pk": 20, "fields": {"variant": 8, "image": "photos/variant_gallery/81AgcuBOZ3L._SL1500_.jpg", "alt_text": "", "order": 0}}, {"model": "store.variantimage", "pk": 21, "fields": {"variant": 8, "image": "photos/variant_gallery/81QdLDL1iSL._SL1500_.jpg", "alt_text": "", "order": 0}}, {"model": "store.variantimage", "pk": 22, "fields": {"variant": 8, "image": "photos/variant_gallery/718rK5MhRBL._SL1500_.jpg", "alt_text": "", "order": 0}}, {"model": "store.variantimage", "pk": 23, "fields": {"variant": 8, "image": "photos/variant_gallery/81L0Sd1LhUL._SL1500_.jpg", "alt_text": "", "order": 0}}, {"model": "store.variantimage", "pk": 24, "fields": {"variant": 9, "image": "photos/variant_gallery/71DGazXMKcL_EWaVCdD._SL1500_.jpg", "alt_text": "", "order": 0}}, {"model": "store.variantimage", "pk": 25, "fields": {"variant": 9, "image": "photos/variant_gallery/71qkcMVBwIL_9818ocN._SL1500_.jpg", "alt_text": "", "order": 0}}, {"model": "store.variantimage", "pk": 26, "fields": {"variant": 9, "image": "photos/variant_gallery/81AgcuBOZ3L_5mGF9rE._SL1500_.jpg", "alt_text": "", "order": 0}}, {"model": "store.variantimage", "pk": 27, "fields": {"variant": 9, "image": "photos/variant_gallery/718rK5MhRBL_DlfB3Nw._SL1500_.jpg", "alt_text": "", "order": 0}}, {"model": "store.variantimage", "pk": 28, "fields": {"variant": 10, "image": "photos/variant_gallery/41svC4nOgEL._SL1000_.jpg", "alt_text": "", "order": 0}}, {"model": "store.variantimage", "pk": 29, "fields": {"variant": 10, "image": "photos/variant_gallery/51gA3vewswL._SL1000_.jpg", "alt_text": "", "order": 0}}, {"model": "store.variantimage", "pk": 30, "fields": {"variant": 10, "image": "photos/variant_gallery/71kbp10mXDL._SL1000_.jpg", "alt_text": "", "order": 0}}, {"model": "store.variantimage", "pk": 32, "fields": {"variant": 10, "image": "photos/variant_gallery/51n8XyKBQ1L._SL1000_.jpg", "alt_text": "", "order": 0}}, {"model": "store.variantimage", "pk": 33, "fields": {"variant": 11, "image": "photos/variant_gallery/71CIblvRkyL._SX679_.jpg", "alt_text": "", "order": 0}}, {"model": "store.variantimage", "pk": 34, "fields": {"variant": 11, "image": "photos/variant_gallery/81AZ84O-SnL._SX679_.jpg", "alt_text": "", "order": 0}}, {"model": "store.variantimage", "pk": 35, "fields": {"variant": 11, "image": "photos/variant_gallery/81OM3P4lf5L._SX679_.jpg", "alt_text": "", "order": 0}}, {"model": "brands.brand", "pk": 3, "fields": {"brand_name": "CASIO", "slug": "casio", "logo_image": "photos/brands/Casio_logo.svg.png", "status": "active", "created_at": "2026-03-17T06:13:50.786Z"}}, {"model": "brands.brand", "pk": 4, "fields": {"brand_name": "FASTRACK", "slug": "fastrack", "logo_image": "photos/brands/fasttrack.png", "status": "active", "created_at": "2026-03-17T06:14:02.792Z"}}, {"model": "brands.brand", "pk": 5, "fields": {"brand_name": "FOSSIL", "slug": "fossil", "logo_image": "photos/brands/download_54tt7O5.png", "status": "active", "created_at": "2026-03-17T06:15:19.332Z"}}, {"model": "brands.brand", "pk": 6, "fields": {"brand_name": "SONATA", "slug": "sonata", "logo_image": "photos/brands/sonata.png", "status": "active", "created_at": "2026-03-17T06:15:59.989Z"}}, {"model": "brands.brand", "pk": 7, "fields": {"brand_name": "TIMEX", "slug": "timex", "logo_image": "photos/brands/Timex.png", "status": "active", "created_at": "2026-03-17T06:16:11.757Z"}}, {"model": "brands.brand", "pk": 8, "fields": {"brand_name": "TITAN", "slug": "titan", "logo_image": "photos/brands/titan-company-logo-freelogovectors.net_.png", "status": "active", "created_at": "2026-03-17T06:16:19.470Z"}}, {"model": "brands.brand", "pk": 9, "fields": {"brand_name": "SPIKY", "slug": "spiky", "logo_image": "photos/brands/download-1.png", "status": "active", "created_at": "2026-03-17T06:52:33.448Z"}}, {"model": "carts.cart", "pk": 10, "fields": {"user": null, "cart_id": "z591t0sfkecw3d787wbyfj0e08q14ycd", "date_added": "2026-03-29"}}, {"model": "carts.cart", "pk": 12, "fields": {"user": null, "cart_id": "z904dxeoec5suimx702872ug9j0z7wsg", "date_added": "2026-03-29"}}, {"model": "carts.cart", "pk": 13, "fields": {"user": null, "cart_id": "ldm20pypclupm8ycbw7r0z6g1wdh0e0f", "date_added": "2026-03-30"}}, {"model": "carts.cart", "pk": 14, "fields": {"user": null, "cart_id": "2kxrzwu90twszy588e8q3wiwohi9om7j", "date_added": "2026-03-30"}}, {"model": "carts.cart", "pk": 15, "fields": {"user": null, "cart_id": "0zi76evtz01x28o7tj93kwl3qg96b1ql", "date_added": "2026-03-30"}}, {"model": "carts.cart", "pk": 16, "fields": {"user": null, "cart_id": "rud3em3ihdj4a7uoi08ocwgyarw2ht0y", "date_added": "2026-03-30"}}, {"model": "carts.cart", "pk": 17, "fields": {"user": null, "cart_id": "lmwjmu7jth80yqn8o0jnbj5tn0fqrcp8", "date_added": "2026-03-30"}}, {"model": "carts.cart", "pk": 18, "fields": {"user": null, "cart_id": "t8vut4x0wunn6wx5iz7ud9abmcfgcozl", "date_added": "2026-03-30"}}, {"model": "carts.cart", "pk": 19, "fields": {"user": null, "cart_id": "bnarn58lreh6ssobcirh0iyfc5eb9x2g", "date_added": "2026-04-05"}}, {"model": "carts.cart", "pk": 20, "fields": {"user": null, "cart_id": "vcptgq2to8828v7a7kk4ijgioksxilcr", "date_added": "2026-04-06"}}, {"model": "carts.cart", "pk": 21, "fields": {"user": null, "cart_id": "e0cpvaig9g4qcivih6zmjjvmwl57hwwu", "date_added": "2026-04-06"}}, {"model": "carts.cart", "pk": 22, "fields": {"user": ["admin@test.com"], "cart_id": "", "date_added": "2026-04-07"}}, {"model": "carts.cart", "pk": 23, "fields": {"user": null, "cart_id": "pvbv1km25i1cadnnr7azb23o6yk7gn4p", "date_added": "2026-04-07"}}, {"model": "carts.cart", "pk": 24, "fields": {"user": null, "cart_id": "2q0aa1anvk9o43vsebs6d3xq2kwky2yu", "date_added": "2026-04-07"}}, {"model": "carts.cart", "pk": 25, "fields": {"user": ["prathiush1994@gmail.com"], "cart_id": "", "date_added": "2026-04-07"}}, {"model": "carts.cart", "pk": 26, "fields": {"user": null, "cart_id": "1gmapb5k4nm6gafhhigddv11igrgkb9r", "date_added": "2026-04-07"}}, {"model": "carts.cart", "pk": 27, "fields": {"user": null, "cart_id": "hxlkkejk33n8vkdqqv0bkw8fd3803irw", "date_added": "2026-04-08"}}, {"model": "carts.cart", "pk": 30, "fields": {"user": null, "cart_id": "1xo85dpvmfftg4oxe0p31dmiis1la50u", "date_added": "2026-04-08"}}, {"model": "carts.cart", "pk": 31, "fields": {"user": null, "cart_id": "x0e3uas4eehu7gd1g13t6o64ahwgatk3", "date_added": "2026-04-13"}}, {"model": "carts.cart", "pk": 32, "fields": {"user": null, "cart_id": "34o1ovp29nqbx9ry2wk22z64w4npbs2l", "date_added": "2026-04-15"}}, {"model": "carts.cart", "pk": 33, "fields": {"user": null, "cart_id": "ysfcf12ehcipogzot6evhnkdfoab6kch", "date_added": "2026-04-15"}}, {"model": "carts.cartitem", "pk": 21, "fields": {"variant": 7, "cart": 10, "quantity": 1, "is_active": true}}, {"model": "carts.cartitem", "pk": 22, "fields": {"variant": 7, "cart": 10, "quantity": 1, "is_active": true}}, {"model": "carts.cartitem", "pk": 23, "fields": {"variant": 6, "cart": 10, "quantity": 2, "is_active": true}}, {"model": "carts.cartitem", "pk": 24, "fields": {"variant": 9, "cart": 12, "quantity": 1, "is_active": true}}, {"model": "carts.cartitem", "pk": 25, "fields": {"variant": 8, "cart": 12, "quantity": 1, "is_active": true}}, {"model": "carts.cartitem", "pk": 26, "fields": {"variant": 6, "cart": 13, "quantity": 2, "is_active": true}}, {"model": "carts.cartitem", "pk": 27, "fields": {"variant": 7, "cart": 13, "quantity": 2, "is_active": true}}, {"model": "carts.cartitem", "pk": 28, "fields": {"variant": 9, "cart": 14, "quantity": 3, "is_active": true}}, {"model": "carts.cartitem", "pk": 29, "fields": {"variant": 6, "cart": 14, "quantity": 1, "is_active": true}}, {"model": "carts.cartitem", "pk": 30, "fields": {"variant": 7, "cart": 15, "quantity": 1, "is_active": true}}, {"model": "carts.cartitem", "pk": 42, "fields": {"variant": 7, "cart": 16, "quantity": 2, "is_active": true}}, {"model": "carts.cartitem", "pk": 43, "fields": {"variant": 6, "cart": 16, "quantity": 1, "is_active": true}}, {"model": "carts.cartitem", "pk": 44, "fields": {"variant": 6, "cart": 17, "quantity": 1, "is_active": true}}, {"model": "carts.cartitem", "pk": 47, "fields": {"variant": 9, "cart": 19, "quantity": 1, "is_active": true}}, {"model": "carts.cartitem", "pk": 48, "fields": {"variant": 9, "cart": 20, "quantity": 1, "is_active": true}}, {"model": "carts.cartitem", "pk": 50, "fields": {"variant": 10, "cart": 23, "quantity": 1, "is_active": true}}, {"model": "carts.cartitem", "pk": 56, "fields": {"variant": 10, "cart": 24, "quantity": 1, "is_active": true}}, {"model": "carts.cartitem", "pk": 57, "fields": {"variant": 9, "cart": 27, "quantity": 1, "is_active": true}}, {"model": "carts.cartitem", "pk": 73, "fields": {"variant": 9, "cart": 31, "quantity": 1, "is_active": true}}, {"model": "carts.cartitem", "pk": 79, "fields": {"variant": 8, "cart": 32, "quantity": 1, "is_active": true}}, {"model": "carts.cartitem", "pk": 81, "fields": {"variant": 8, "cart": 22, "quantity": 1, "is_active": true}}, {"model": "orders.payment", "pk": 1, "fields": {"user": ["admin@test.com"], "payment_method": "COD", "amount_paid": "11147.46", "status": "Completed", "transaction_id": "", "created_at": "2026-03-30T16:50:20.272Z"}}, {"model": "orders.payment", "pk": 2, "fields": {"user": ["admin@test.com"], "payment_method": "COD", "amount_paid": "17102.92", "status": "Completed", "transaction_id": "", "created_at": "2026-04-06T17:40:06.488Z"}}, {"model": "orders.payment", "pk": 3, "fields": {"user": ["admin@test.com"], "payment_method": "COD", "amount_paid": "26100.42", "status": "Failed", "transaction_id": "", "created_at": "2026-04-08T04:14:10.410Z"}}, {"model": "orders.payment", "pk": 4, "fields": {"user": ["admin@test.com"], "payment_method": "COD", "amount_paid": "5898.82", "status": "Pending", "transaction_id": "", "created_at": "2026-04-08T04:14:22.631Z"}}, {"model": "orders.payment", "pk": 5, "fields": {"user": ["prathiush1994@gmail.com"], "payment_method": "COD", "amount_paid": "5898.82", "status": "Completed", "transaction_id": "", "created_at": "2026-04-08T04:21:17.027Z"}}, {"model": "orders.payment", "pk": 6, "fields": {"user": ["prathiush1994@gmail.com"], "payment_method": "COD", "amount_paid": "16783.14", "status": "Completed", "transaction_id": "", "created_at": "2026-04-08T04:45:11.054Z"}}, {"model": "orders.payment", "pk": 7, "fields": {"user": ["admin@test.com"], "payment_method": "COD", "amount_paid": "5898.82", "status": "Pending", "transaction_id": "", "created_at": "2026-04-13T03:44:42.499Z"}}, {"model": "orders.payment", "pk": 8, "fields": {"user": ["admin@test.com"], "payment_method": "COD", "amount_paid": "5898.82", "status": "Pending", "transaction_id": "", "created_at": "2026-04-13T10:46:36.779Z"}}, {"model": "orders.payment", "pk": 9, "fields": {"user": ["admin@test.com"], "payment_method": "COD", "amount_paid": "11147.46", "status": "Pending", "transaction_id": "", "created_at": "2026-04-13T11:06:35.828Z"}}, {"model": "orders.payment", "pk": 10, "fields": {"user": ["admin@test.com"], "payment_method": "WALLET", "amount_paid": "0.00", "status": "Completed", "transaction_id": "", "created_at": "2026-04-15T07:58:46.183Z"}}, {"model": "orders.payment", "pk": 11, "fields": {"user": ["admin@test.com"], "payment_method": "COD", "amount_paid": "5898.82", "status": "Pending", "transaction_id": "", "created_at": "2026-04-15T10:34:14.744Z"}}, {"model": "orders.order", "pk": 1, "fields": {"user": ["admin@test.com"], "payment": 1, "coupon": null, "full_name": "Kanan", "phone": "123456789", "address_line": "kk, plot 321", "city": "guruvayoor", "state": "kerala", "pincode": "680311", "address_type": "Home", "order_number": "ORB202603300001001", "order_total": "11147.46", "tax": "1700.46", "discount": "0.00", "coupon_code": "", "wallet_used": "0.00", "status": "Cancelled", "is_ordered": true, "cancel_reason": "", "return_reason": "", "created_at": "2026-03-30T16:50:20.275Z", "updated_at": "2026-03-31T01:53:34.314Z"}}, {"model": "orders.order", "pk": 2, "fields": {"user": ["admin@test.com"], "payment": 2, "coupon": null, "full_name": "kannan", "phone": "123465789", "address_line": "kk plot 323", "city": "guruvayoor", "state": "kerala", "pincode": "680231", "address_type": "Work", "order_number": "ORB202604060001002", "order_total": "17102.92", "tax": "2608.92", "discount": "0.00", "coupon_code": "", "wallet_used": "0.00", "status": "Delivered", "is_ordered": true, "cancel_reason": "", "return_reason": "", "created_at": "2026-04-06T17:40:06.491Z", "updated_at": "2026-04-06T17:41:00.179Z"}}, {"model": "orders.order", "pk": 3, "fields": {"user": ["admin@test.com"], "payment": 3, "coupon": null, "full_name": "kannan", "phone": "123465789", "address_line": "kk plot 323", "city": "guruvayoor", "state": "kerala", "pincode": "680231", "address_type": "Work", "order_number": "ORB202604080001003", "order_total": "26100.42", "tax": "3981.42", "discount": "0.00", "coupon_code": "", "wallet_used": "0.00", "status": "Returned", "is_ordered": true, "cancel_reason": "", "return_reason": "", "created_at": "2026-04-08T04:14:10.413Z", "updated_at": "2026-04-08T04:20:19.222Z"}}, {"model": "orders.order", "pk": 4, "fields": {"user": ["admin@test.com"], "payment": 4, "coupon": null, "full_name": "kannan", "phone": "123465789", "address_line": "kk plot 323", "city": "guruvayoor", "state": "kerala", "pincode": "680231", "address_type": "Work", "order_number": "ORB202604080001004", "order_total": "5898.82", "tax": "899.82", "discount": "0.00", "coupon_code": "", "wallet_used": "0.00", "status": "New", "is_ordered": true, "cancel_reason": "", "return_reason": "", "created_at": "2026-04-08T04:14:22.633Z", "updated_at": "2026-04-08T04:14:22.633Z"}}, {"model": "orders.order", "pk": 5, "fields": {"user": ["prathiush1994@gmail.com"], "payment": 5, "coupon": null, "full_name": "new", "phone": "0987654", "address_line": "sdjkfh", "city": "asdf", "state": "afasd", "pincode": "123214", "address_type": "Home", "order_number": "ORB202604080003005", "order_total": "5898.82", "tax": "899.82", "discount": "0.00", "coupon_code": "", "wallet_used": "0.00", "status": "Return Requested", "is_ordered": true, "cancel_reason": "", "return_reason": "", "created_at": "2026-04-08T04:21:17.030Z", "updated_at": "2026-04-08T04:21:51.083Z"}}, {"model": "orders.order", "pk": 6, "fields": {"user": ["prathiush1994@gmail.com"], "payment": 6, "coupon": null, "full_name": "new", "phone": "0987654", "address_line": "sdjkfh", "city": "asdf", "state": "afasd", "pincode": "123214", "address_type": "Home", "order_number": "ORB202604080003006", "order_total": "16783.14", "tax": "2560.14", "discount": "0.00", "coupon_code": "", "wallet_used": "0.00", "status": "Delivered", "is_ordered": true, "cancel_reason": "", "return_reason": "", "created_at": "2026-04-08T04:45:11.072Z", "updated_at": "2026-04-08T04:52:16.251Z"}}, {"model": "orders.order", "pk": 7, "fields": {"user": ["admin@test.com"], "payment": 7, "coupon": null, "full_name": "kannan", "phone": "123465789", "address_line": "kk plot 323", "city": "guruvayoor", "state": "kerala", "pincode": "680231", "address_type": "Work", "order_number": "ORB99567872", "order_total": "5898.82", "tax": "899.82", "discount": "0.00", "coupon_code": "", "wallet_used": "0.00", "status": "New", "is_ordered": true, "cancel_reason": "", "return_reason": "", "created_at": "2026-04-13T03:44:42.502Z", "updated_at": "2026-04-13T03:44:42.502Z"}}, {"model": "orders.order", "pk": 8, "fields": {"user": ["admin@test.com"], "payment": 8, "coupon": null, "full_name": "kannan", "phone": "123465789", "address_line": "kk plot 323", "city": "guruvayoor", "state": "kerala", "pincode": "680231", "address_type": "Work", "order_number": "ORB30590925", "order_total": "5898.82", "tax": "899.82", "discount": "0.00", "coupon_code": "", "wallet_used": "0.00", "status": "New", "is_ordered": true, "cancel_reason": "", "return_reason": "", "created_at": "2026-04-13T10:46:36.783Z", "updated_at": "2026-04-13T10:46:36.783Z"}}, {"model": "orders.order", "pk": 9, "fields": {"user": ["admin@test.com"], "payment": 9, "coupon": null, "full_name": "kannan", "phone": "123465789", "address_line": "kk plot 323", "city": "guruvayoor", "state": "kerala", "pincode": "680231", "address_type": "Work", "order_number": "ORB17746095", "order_total": "11147.46", "tax": "1700.46", "discount": "0.00", "coupon_code": "", "wallet_used": "0.00", "status": "Cancelled", "is_ordered": true, "cancel_reason": "", "return_reason": "", "created_at": "2026-04-13T11:06:35.832Z", "updated_at": "2026-04-13T11:06:35.832Z"}}, {"model": "orders.order", "pk": 10, "fields": {"user": ["admin@test.com"], "payment": 10, "coupon": null, "full_name": "kannan", "phone": "123465789", "address_line": "kk plot 323", "city": "guruvayoor", "state": "kerala", "pincode": "680231", "address_type": "Work", "order_number": "ORB83626864", "order_total": "0.00", "tax": "580.50", "discount": "0.00", "coupon_code": "", "wallet_used": "3805.50", "status": "New", "is_ordered": true, "cancel_reason": "", "return_reason": "", "created_at": "2026-04-15T07:58:46.188Z", "updated_at": "2026-04-15T07:58:46.188Z"}}, {"model": "orders.order", "pk": 11, "fields": {"user": ["admin@test.com"], "payment": 11, "coupon": null, "full_name": "kannan", "phone": "123465789", "address_line": "kk plot 323", "city": "guruvayoor", "state": "kerala", "pincode": "680231", "address_type": "Work", "order_number": "ORB78604456", "order_total": "5898.82", "tax": "899.82", "discount": "0.00", "coupon_code": "", "wallet_used": "0.00", "status": "New", "is_ordered": true, "cancel_reason": "", "return_reason": "", "created_at": "2026-04-15T10:34:14.747Z", "updated_at": "2026-04-15T10:34:14.747Z"}}, {"model": "orders.orderproduct", "pk": 1, "fields": {"order": 1, "user": ["admin@test.com"], "variant": 7, "product_name": "Fossil Riley Analog White", "color_name": "Brown", "product_price": "9447.00", "quantity": 1, "ordered": true, "created_at": "2026-03-30T16:50:20.277Z"}}, {"model": "orders.orderproduct", "pk": 2, "fields": {"order": 2, "user": ["admin@test.com"], "variant": 6, "product_name": "Fossil Analog Watch-FS4795 Stainless Steel", "color_name": "White Dial Men's", "product_price": "14494.00", "quantity": 1, "ordered": true, "created_at": "2026-04-06T17:40:06.494Z"}}, {"model": "orders.orderproduct", "pk": 3, "fields": {"order": 3, "user": ["admin@test.com"], "variant": 7, "product_name": "Fossil Riley Analog White", "color_name": "Brown", "product_price": "9447.00", "quantity": 2, "ordered": true, "created_at": "2026-04-08T04:14:10.416Z"}}, {"model": "orders.orderproduct", "pk": 4, "fields": {"order": 3, "user": ["admin@test.com"], "variant": 10, "product_name": "Titan Workwear Quartz Analog", "color_name": "Hunter Green Dial Olive Green Leather Strap", "product_price": "3225.00", "quantity": 1, "ordered": true, "created_at": "2026-04-08T04:14:10.419Z"}}, {"model": "orders.orderproduct", "pk": 5, "fields": {"order": 4, "user": ["admin@test.com"], "variant": 8, "product_name": "Titan Crest 1.43” AMOLED Smart Watch", "color_name": "Black Silicone Strap", "product_price": "4999.00", "quantity": 1, "ordered": true, "created_at": "2026-04-08T04:14:22.636Z"}}, {"model": "orders.orderproduct", "pk": 6, "fields": {"order": 5, "user": ["prathiush1994@gmail.com"], "variant": 8, "product_name": "Titan Crest 1.43” AMOLED Smart Watch", "color_name": "Black Silicone Strap", "product_price": "4999.00", "quantity": 1, "ordered": true, "created_at": "2026-04-08T04:21:17.033Z"}}, {"model": "orders.orderproduct", "pk": 7, "fields": {"order": 6, "user": ["prathiush1994@gmail.com"], "variant": 8, "product_name": "Titan Crest 1.43” AMOLED Smart Watch", "color_name": "Black Silicone Strap", "product_price": "4999.00", "quantity": 1, "ordered": true, "created_at": "2026-04-08T04:45:11.078Z"}}, {"model": "orders.orderproduct", "pk": 8, "fields": {"order": 6, "user": ["prathiush1994@gmail.com"], "variant": 10, "product_name": "Titan Workwear Quartz Analog", "color_name": "Hunter Green Dial Olive Green Leather Strap", "product_price": "3225.00", "quantity": 1, "ordered": true, "created_at": "2026-04-08T04:45:11.090Z"}}, {"model": "orders.orderproduct", "pk": 9, "fields": {"order": 6, "user": ["prathiush1994@gmail.com"], "variant": 9, "product_name": "Titan Crest 1.43” AMOLED Smart Watch", "color_name": "Rose Gold Mesh Strap", "product_price": "5999.00", "quantity": 1, "ordered": true, "created_at": "2026-04-08T04:45:11.098Z"}}, {"model": "orders.orderproduct", "pk": 10, "fields": {"order": 7, "user": ["admin@test.com"], "variant": 8, "product_name": "Titan Crest 1.43” AMOLED Smart Watch", "color_name": "Black Silicone Strap", "product_price": "4999.00", "quantity": 1, "ordered": true, "created_at": "2026-04-13T03:44:42.506Z"}}, {"model": "orders.orderproduct", "pk": 11, "fields": {"order": 8, "user": ["admin@test.com"], "variant": 8, "product_name": "Titan Crest 1.43” AMOLED Smart Watch", "color_name": "Black Silicone Strap", "product_price": "4999.00", "quantity": 1, "ordered": true, "created_at": "2026-04-13T10:46:36.786Z"}}, {"model": "orders.orderproduct", "pk": 12, "fields": {"order": 9, "user": ["admin@test.com"], "variant": 7, "product_name": "Fossil Riley Analog White", "color_name": "Brown", "product_price": "9447.00", "quantity": 1, "ordered": true, "created_at": "2026-04-13T11:06:35.835Z"}}, {"model": "orders.orderproduct", "pk": 13, "fields": {"order": 10, "user": ["admin@test.com"], "variant": 10, "product_name": "Titan Workwear Quartz Analog", "color_name": "Hunter Green Dial Olive Green Leather Strap", "product_price": "3225.00", "quantity": 1, "ordered": true, "created_at": "2026-04-15T07:58:46.193Z"}}, {"model": "orders.orderproduct", "pk": 14, "fields": {"order": 11, "user": ["admin@test.com"], "variant": 8, "product_name": "Titan Crest 1.43” AMOLED Smart Watch", "color_name": "Black Silicone Strap", "product_price": "4999.00", "quantity": 1, "ordered": true, "created_at": "2026-04-15T10:34:14.750Z"}}, {"model": "wallet.wallet", "pk": 1, "fields": {"user": ["admin@test.com"], "balance": "1194.50", "updated_at": "2026-04-15T07:58:46.190Z"}}, {"model": "wallet.wallettransaction", "pk": 1, "fields": {"wallet": 1, "amount": "3805.50", "txn_type": "debit", "description": "Payment for Order #ORB83626864", "order": 10, "created_at": "2026-04-15T07:58:46.191Z"}}, {"model": "socialaccount.socialapp", "pk": 1, "fields": {"provider": "google", "provider_id": "", "name": "Google OAuth", "client_id": "236513412605-l5o63kiut1hp8vl03cchncujrk7ooq1o.apps.googleusercontent.com", "secret": "wrrvgdgnkorffvrh", "key": "", "settings": {}, "sites": [["127.0.0.1:8000"]]}}]
